{
  "threshold": 0.999,
  "features": [
    "has_urgency",
    "has_money",
    "has_sensitive",
    "has_off_platform",
    "has_threat",
    "has_legitimacy_marker",
    "text_length",
    "exclamation_count",
    "question_count",
    "uppercase_ratio",
    "digit_ratio",
    "char_entropy",
    "avg_word_length",
    "punctuation_density",
    "urgency_density",
    "money_density",
    "sensitive_density",
    "num_urls",
    "url_density",
    "ip_url",
    "url_shortener",
    "risky_tld",
    "domain_spoof",
    "verified_domain"
  ],
  "n_features": 24,
  "test_metrics": {
    "precision": 1.0,
    "recall": 0.9786,
    "f1": 0.9892,
    "accuracy": 0.9893,
    "roc_auc": 0.9957
  },
  "feature_importances": {
    "has_urgency": 0.19402339831192333,
    "has_money": 0.04661496409796392,
    "has_sensitive": 0.03360724203379731,
    "has_off_platform": 0.02553290625759399,
    "has_threat": 0.005068647985151739,
    "has_legitimacy_marker": 0.0010098559101684858,
    "text_length": 0.03778943387707957,
    "exclamation_count": 0.0003537885324096191,
    "question_count": 0.0008098875135852552,
    "uppercase_ratio": 0.04148872221707932,
    "digit_ratio": 0.06476002496465562,
    "char_entropy": 0.0476730527419697,
    "avg_word_length": 0.024466620100455222,
    "punctuation_density": 0.05057575327505887,
    "urgency_density": 0.1617992684801724,
    "money_density": 0.054505203354516814,
    "sensitive_density": 0.06685883850257394,
    "num_urls": 0.0029836114066772255,
    "url_density": 0.00023285716277645288,
    "ip_url": 0.0,
    "url_shortener": 0.11275794290616456,
    "risky_tld": 0.017107549345922797,
    "domain_spoof": 0.0029393927412367862,
    "verified_domain": 0.007041038281066998
  },
  "cv_results": {
    "Logistic Regression": {
      "f1_mean": 0.9694,
      "recall_mean": 0.95,
      "auc_mean": 0.9965
    },
    "Random Forest": {
      "f1_mean": 0.984,
      "recall_mean": 0.9686,
      "auc_mean": 0.9987
    },
    "Gradient Boosting": {
      "f1_mean": 0.9957,
      "recall_mean": 0.9943,
      "auc_mean": 0.9995
    }
  },
  "model_type": "CalibratedClassifierCV(GradientBoosting, isotonic)"
}